<?xml version="1.0" encoding="UTF-8"?>
<metadata xml:lang="en"><Esri><CreaDate>20170720</CreaDate><CreaTime>16014300</CreaTime><ArcGISFormat>1.0</ArcGISFormat><SyncOnce>TRUE</SyncOnce><DataProperties><itemProps><itemLocation><linkage Sync="TRUE">file://\\PRE7600-J9BPXV1\C$\_data\KPB_Landuse\commondata\_data\KPB_Landuse</linkage><protocol Sync="TRUE">Local Area Network</protocol></itemLocation></itemProps><copyHistory><copy source="C:\_data\KPB_Landuse" dest="\\PRE7600-J9BPXV1\C$\_data\KPB_Landuse\commondata\_data\KPB_Landuse" date="20170327" time="15520900"></copy></copyHistory></DataProperties></Esri></metadata>
