<?xml version="1.0" encoding="UTF-8"?>
<metadata xml:lang="en"><Esri><CreaDate>20170720</CreaDate><CreaTime>14002000</CreaTime><ArcGISFormat>1.0</ArcGISFormat><ArcGISstyle>FGDC CSDGM Metadata</ArcGISstyle><SyncOnce>TRUE</SyncOnce><DataProperties><lineage><Process ToolSource="C:\ArcGIS\Desktop10.0\ArcToolbox\Toolboxes\Data Management Tools.tbx\CalculateField" Date="20130610" Time="093832">CalculateField ADOT_TRAFFIC_LINKS AADT_YEAR 2012 VB #</Process><Process ToolSource="C:\ArcGIS\Desktop10.0\ArcToolbox\Toolboxes\Data Management Tools.tbx\CalculateField" Date="20130610" Time="093933">CalculateField ADOT_TRAFFIC_LINKS AADT null VB #</Process><Process ToolSource="c:\program files (x86)\arcgis\desktop10.0\ArcToolbox\Toolboxes\Data Management Tools.tbx\Append" Date="20140806" Time="124101">Append AllKenaiRoads RoadTraffic NO_TEST "OBJECTID "OBJECTID" true false false 9 Long 0 9 ,First,#;CDS_NUM "CDS_NUM" true false false 8 Text 0 0 ,First,#;DATE_F "DATE_F" true true false 8 Date 0 0 ,First,#;DATE_T "DATE_T" true true false 8 Date 0 0 ,First,#;FROM_MPT "FROM_MPT" true false false 19 Double 0 0 ,First,#;TO_MPT "TO_MPT" true false false 19 Double 0 0 ,First,#;TRAF_LINK_ "TRAF_LINK_" true false false 100 Text 0 0 ,First,#;AADT "AADT" true false false 9 Long 0 9 ,First,#;FROM_FEATU "FROM_FEATU" true false false 50 Text 0 0 ,First,#;TO_FEATURE "TO_FEATURE" true false false 50 Text 0 0 ,First,#;EDIT_COMME "EDIT_COMME" true false false 254 Text 0 0 ,First,#;AADT_YEAR "AADT_YEAR" true false false 9 Long 0 9 ,First,#;Shape_Leng "Shape_Leng" true false false 19 Double 0 0 ,First,#,C:\Users\marireeves\Desktop\1Work\2013KenaiFrogs\2013DataAnalysis\SiteSelection\AllKenaiRoads.shp,SHAPE_Leng,-1,-1;AADT_CODE "AADT_CODE" true false false 10 Text 0 0 ,First,#" #</Process></lineage></DataProperties></Esri></metadata>
